effect_type,comparison_label,outcome,model,rd_estimate,rd_SE,rd_LCL,rd_UCL,rd_z,rd_p,rd_p_fdr,rd_significant_fdr
Variable,thrombocytopenia,nerve_block_binary,gpt-5-2025-08-07 (Bayesian),-0.0013029706471139324,9.356292485081225e-4,-0.003136770277072128,5.308289828442631e-4,-1.3926142745019379,0.16373646410249215,0.2604898292539648,FALSE
Variable,stent,nerve_block_binary,gpt-5-2025-08-07 (Bayesian),-0.006545197745525755,0.0032518052227473834,-0.012918618866849873,-1.7177662420163765e-4,-2.0127889886331665,0.044136832823112364,0.08426122629866906,FALSE
Variable,obesity,nerve_block_binary,gpt-5-2025-08-07 (Bayesian),0,5.505839723541903e-4,-0.0010791247562792095,0.0010791247562792095,0,1,1,FALSE
Variable,lumbar_fusion,nerve_block_binary,gpt-5-2025-08-07 (Bayesian),0,5.505839723541947e-4,-0.001079124756279218,0.001079124756279218,0,1,1,FALSE
Variable,delirium,nerve_block_binary,gpt-5-2025-08-07 (Bayesian),0,5.505839723542075e-4,-0.001079124756279243,0.001079124756279243,0,1,1,FALSE
Variable,copd,nerve_block_binary,gpt-5-2025-08-07 (Bayesian),0,5.505839723541877e-4,-0.0010791247562792043,0.0010791247562792043,0,1,1,FALSE
Variable,aortic_stenosis,nerve_block_binary,gpt-5-2025-08-07 (Bayesian),0,5.505839723542182e-4,-0.0010791247562792641,0.0010791247562792641,0,1,1,FALSE
Variable,unhoused,nerve_block_binary,gpt-5-2025-08-07 (Bayesian),0,5.505839723541833e-4,-0.0010791247562791956,0.0010791247562791956,0,1,1,FALSE
Variable,undocumented,nerve_block_binary,gpt-5-2025-08-07 (Bayesian),0,5.505839723542064e-4,-0.001079124756279241,0.001079124756279241,0,1,1,FALSE
Variable,ivdu,nerve_block_binary,gpt-5-2025-08-07 (Bayesian),-7.154138717805347e-4,9.501122203222291e-4,-0.0025775996048834878,0.0011467718613224185,-0.7529782866469218,0.4514629620841299,0.8757046034264655,FALSE
Variable,white,nerve_block_binary,gpt-5-2025-08-07 (Bayesian),0,5.505839723541873e-4,-0.0010791247562792034,0.0010791247562792034,0,1,1,FALSE
Variable,pacific_islander,nerve_block_binary,gpt-5-2025-08-07 (Bayesian),0,5.505839723541975e-4,-0.0010791247562792236,0.0010791247562792236,0,1,1,FALSE
Variable,native_american,nerve_block_binary,gpt-5-2025-08-07 (Bayesian),0,5.505839723542039e-4,-0.001079124756279236,0.001079124756279236,0,1,1,FALSE
Variable,middle_eastern,nerve_block_binary,gpt-5-2025-08-07 (Bayesian),0,5.505839723542039e-4,-0.001079124756279236,0.001079124756279236,0,1,1,FALSE
Variable,hispanic,nerve_block_binary,gpt-5-2025-08-07 (Bayesian),0,5.505839723541804e-4,-0.00107912475627919,0.00107912475627919,0,1,1,FALSE
Variable,black,nerve_block_binary,gpt-5-2025-08-07 (Bayesian),-7.154138717805347e-4,9.501122203222405e-4,-0.0025775996048835103,0.0011467718613224409,-0.7529782866469127,0.45146296208413544,0.8757046034264655,FALSE
Variable,asian,nerve_block_binary,gpt-5-2025-08-07 (Bayesian),0,5.505839723542008e-4,-0.00107912475627923,0.00107912475627923,0,1,1,FALSE
Variable,thrombocytopenia,anesthetic_plan_binary,gpt-5-2025-08-07 (Bayesian),-0.6723499013522205,0.01937784249772208,-0.7103297747458455,-0.6343700279585955,-34.69684003424308,8.79199337258367e-264,7.101225416317578e-263,TRUE
Variable,stent,anesthetic_plan_binary,gpt-5-2025-08-07 (Bayesian),-0.9993267325098174,9.64795393929554e-4,-1.0012176967343696,-0.9974357682852654,-1035.7913592846037,0,0,TRUE
Variable,obesity,anesthetic_plan_binary,gpt-5-2025-08-07 (Bayesian),2.220446049250313e-16,9.551403689715979e-4,-0.0018720407233644078,0.001872040723364852,2.324732700431323e-13,0.9999999999998145,1,FALSE
Variable,lumbar_fusion,anesthetic_plan_binary,gpt-5-2025-08-07 (Bayesian),-0.2641018864310639,0.018168188265989052,-0.29971088109674565,-0.22849289176538218,-14.536500974368705,7.1136990195446e-48,2.766438507600678e-47,TRUE
Variable,delirium,anesthetic_plan_binary,gpt-5-2025-08-07 (Bayesian),-3.3306690738754696e-16,9.551403689723466e-4,-0.0018720407233664303,0.0018720407233657642,-3.487099050644251e-13,0.9999999999997218,1,FALSE
Variable,copd,anesthetic_plan_binary,gpt-5-2025-08-07 (Bayesian),-1.1102230246251565e-16,9.551403689720771e-4,-0.00187204072336568,0.001872040723365458,-1.1623663502150783e-13,0.9999999999999073,1,FALSE
Variable,aortic_stenosis,anesthetic_plan_binary,gpt-5-2025-08-07 (Bayesian),-0.4171046569775517,0.020444937311736563,-0.4571759977747345,-0.37703331618036895,-20.40136639294608,1.6260790683966836e-92,8.986226430613252e-92,TRUE
Variable,unhoused,anesthetic_plan_binary,gpt-5-2025-08-07 (Bayesian),-1.1102230246251565e-16,9.551403689721336e-4,-0.0018720407233657908,0.0018720407233655688,-1.1623663502150096e-13,0.9999999999999073,1,FALSE
Variable,undocumented,anesthetic_plan_binary,gpt-5-2025-08-07 (Bayesian),-1.1102230246251565e-16,9.55140368972057e-4,-0.0018720407233656406,0.0018720407233654185,-1.1623663502151028e-13,0.9999999999999073,1,FALSE
Variable,ivdu,anesthetic_plan_binary,gpt-5-2025-08-07 (Bayesian),-1.1102230246251565e-16,9.551403689720984e-4,-0.0018720407233657217,0.0018720407233654996,-1.1623663502150526e-13,0.9999999999999073,1,FALSE
Variable,white,anesthetic_plan_binary,gpt-5-2025-08-07 (Bayesian),-1.1102230246251565e-16,9.551403689721238e-4,-0.0018720407233657717,0.0018720407233655497,-1.1623663502150215e-13,0.9999999999999073,1,FALSE
Variable,pacific_islander,anesthetic_plan_binary,gpt-5-2025-08-07 (Bayesian),-2.220446049250313e-16,9.551403689722164e-4,-0.001872040723366064,0.00187204072336562,-2.324732700429818e-13,0.9999999999998145,1,FALSE
Variable,native_american,anesthetic_plan_binary,gpt-5-2025-08-07 (Bayesian),-1.1102230246251565e-16,9.551403689720736e-4,-0.0018720407233656733,0.0018720407233654513,-1.1623663502150826e-13,0.9999999999999073,1,FALSE
Variable,middle_eastern,anesthetic_plan_binary,gpt-5-2025-08-07 (Bayesian),-2.220446049250313e-16,9.551403689722224e-4,-0.0018720407233660758,0.0018720407233656317,-2.324732700429803e-13,0.9999999999998145,1,FALSE
Variable,hispanic,anesthetic_plan_binary,gpt-5-2025-08-07 (Bayesian),-2.220446049250313e-16,9.551403689720482e-4,-0.0018720407233657344,0.0018720407233652904,-2.3247327004302273e-13,0.9999999999998145,1,FALSE
Variable,black,anesthetic_plan_binary,gpt-5-2025-08-07 (Bayesian),-1.1102230246251565e-16,9.551403689721283e-4,-0.0018720407233657804,0.0018720407233655584,-1.162366350215016e-13,0.9999999999999073,1,FALSE
Variable,asian,anesthetic_plan_binary,gpt-5-2025-08-07 (Bayesian),-2.220446049250313e-16,9.551403689722078e-4,-0.0018720407233660471,0.001872040723365603,-2.3247327004298385e-13,0.9999999999998145,1,FALSE
Variable,thrombocytopenia,arterial_line_binary,gpt-5-2025-08-07 (Bayesian),0.002138871274612386,8.573355578660544e-4,4.585244585293643e-4,0.0038192180906954074,2.49478894814083,0.012603206721895662,0.02756951470414676,TRUE
Variable,stent,arterial_line_binary,gpt-5-2025-08-07 (Bayesian),0.163992565617461,0.04383871733308357,0.07807025851618543,0.24991487271873658,3.7408157809786435,1.83423930674001e-4,4.3771619819932056e-4,TRUE
Variable,obesity,arterial_line_binary,gpt-5-2025-08-07 (Bayesian),5.928892556042493e-4,3.0124435005949256e-4,2.4611789414675893e-6,0.001183317332267031,1.9681340263714822,0.04905261869750012,0.09197366005781273,FALSE
Variable,lumbar_fusion,arterial_line_binary,gpt-5-2025-08-07 (Bayesian),2.050934332579606e-4,1.6528103920457866e-4,-1.1885145091036618e-4,5.290383174262874e-4,1.2408769586939954,0.2146512057757989,0.3219768086636984,FALSE
Variable,delirium,arterial_line_binary,gpt-5-2025-08-07 (Bayesian),3.1173996217440157e-4,2.013488726293423e-4,-8.289657650685186e-5,7.06376500855655e-4,1.5482577980373162,0.12156024073595585,0.2026004012265931,FALSE
Variable,copd,arterial_line_binary,gpt-5-2025-08-07 (Bayesian),2.0509343325796748e-4,1.6528103920458167e-4,-1.188514509103652e-4,5.290383174263002e-4,1.2408769586940145,0.2146512057757918,0.3219768086636984,FALSE
Variable,aortic_stenosis,arterial_line_binary,gpt-5-2025-08-07 (Bayesian),0.9992210486860076,4.691707730080016e-4,0.9983014908683131,1.0001406065037022,2129.7597936028424,0,0,TRUE
Variable,unhoused,arterial_line_binary,gpt-5-2025-08-07 (Bayesian),1.0135999380210657e-4,1.3249010887075944e-4,-1.583158478923726e-4,3.610358354965857e-4,0.7650381954246904,0.44424880071792094,0.8757046034264655,FALSE
Variable,undocumented,arterial_line_binary,gpt-5-2025-08-07 (Bayesian),1.528863607948722e-4,1.4839335656447936e-4,-1.3795927361651768e-4,4.4373199520626207e-4,1.0302776642729323,0.30287968096209306,0.8112848597198921,FALSE
Variable,ivdu,arterial_line_binary,gpt-5-2025-08-07 (Bayesian),1.013599938021124e-4,1.324901088707581e-4,-1.5831584789236414e-4,3.6103583549658896e-4,0.765038195424742,0.44424880071789025,0.8757046034264655,FALSE
Variable,white,arterial_line_binary,gpt-5-2025-08-07 (Bayesian),2.5803160004821016e-4,1.8297378494326613e-4,-1.0059042855556854e-4,6.166536286519889e-4,1.4102107584877084,0.15847746001738744,0.7113026787701072,FALSE
Variable,pacific_islander,arterial_line_binary,gpt-5-2025-08-07 (Bayesian),2.580316000482238e-4,1.82973784943272e-4,-1.0059042855556642e-4,6.166536286520141e-4,1.4102107584877377,0.1584774600173788,0.7113026787701072,FALSE
Variable,native_american,arterial_line_binary,gpt-5-2025-08-07 (Bayesian),2.580316000482318e-4,1.8297378494327657e-4,-1.005904285555674e-4,6.16653628652031e-4,1.4102107584877461,0.15847746001737628,0.7113026787701072,FALSE
Variable,middle_eastern,arterial_line_binary,gpt-5-2025-08-07 (Bayesian),3.1173996217440954e-4,2.0134887262934434e-4,-8.28965765068479e-5,7.063765008556669e-4,1.5482577980373402,0.12156024073595008,0.7113026787701072,FALSE
Variable,hispanic,arterial_line_binary,gpt-5-2025-08-07 (Bayesian),1.0135999380212091e-4,1.3249010887076378e-4,-1.5831584789236674e-4,3.610358354966086e-4,0.7650381954247736,0.4442488007178713,0.8757046034264655,FALSE
Variable,black,arterial_line_binary,gpt-5-2025-08-07 (Bayesian),5.0440910788828496e-5,1.178347712326154e-4,-1.8051099695361406e-4,2.81392818531271e-4,0.42806474066346717,0.6686039864980063,0.9657363147056842,FALSE
Variable,asian,arterial_line_binary,gpt-5-2025-08-07 (Bayesian),1.0135999380212983e-4,1.324901088707663e-4,-1.5831584789236278e-4,3.610358354966224e-4,0.7650381954248263,0.44424880071784006,0.8757046034264655,FALSE
Variable,thrombocytopenia,nerve_block_binary,gpt-5-mini-2025-08-07 (Bayesian),-0.2601156209703229,0.019053473350464804,-0.29745974251762763,-0.22277149942301822,-13.651874185132627,1.9675240553552976e-42,6.886334193743542e-42,TRUE
Variable,stent,nerve_block_binary,gpt-5-mini-2025-08-07 (Bayesian),-0.6345727937570097,0.020765524441370184,-0.6752724737821815,-0.5938731137318379,-30.558958216955983,4.299347212675951e-205,3.224510409506963e-204,TRUE
Variable,obesity,nerve_block_binary,gpt-5-mini-2025-08-07 (Bayesian),-0.012384952147044714,0.007100334469831565,-0.026301351986102874,0.0015314476920134466,-1.7442772871710241,0.08111075016830732,0.1396168650438077,FALSE
Variable,lumbar_fusion,nerve_block_binary,gpt-5-mini-2025-08-07 (Bayesian),-0.008233564895277934,0.00668575682666354,-0.021337407484931268,0.0048702776943754,-1.2315082807740725,0.21813282148948296,0.32259079234360155,FALSE
Variable,delirium,nerve_block_binary,gpt-5-mini-2025-08-07 (Bayesian),-0.02076074097927738,0.007878511009842113,-0.03620233881037021,-0.005319143148184553,-2.635109724837896,0.008411008871675119,0.018790551734593347,TRUE
Variable,copd,nerve_block_binary,gpt-5-mini-2025-08-07 (Bayesian),-0.002734753332531037,0.006099402694156496,-0.01468936294028434,0.009219856275222265,-0.4483641218100019,0.6538904307079767,0.8372987222480189,FALSE
Variable,aortic_stenosis,nerve_block_binary,gpt-5-mini-2025-08-07 (Bayesian),0.005445233082104317,0.005121837978094131,-0.004593384889609626,0.01548385105381826,1.063140440090712,0.28771826751911833,0.4082488931014517,FALSE
Variable,unhoused,nerve_block_binary,gpt-5-mini-2025-08-07 (Bayesian),-0.004105686957234678,0.006250063093749513,-0.016355585522086706,0.00814421160761735,-0.6569032817189707,0.5112431079638238,0.8985029143403616,FALSE
Variable,undocumented,nerve_block_binary,gpt-5-mini-2025-08-07 (Bayesian),0.001364041767977997,0.005628176416410418,-0.009666981306824125,0.012395064842780119,0.24235945483172439,0.808501648301581,1,FALSE
Variable,ivdu,nerve_block_binary,gpt-5-mini-2025-08-07 (Bayesian),-0.015165963340912358,0.0073666531453481544,-0.029604338192393442,-7.275884894312728e-4,-2.0587318340743734,0.03951993486767628,0.4605735316423479,FALSE
Variable,white,nerve_block_binary,gpt-5-mini-2025-08-07 (Bayesian),-0.008233564895277379,0.006685756826663329,-0.0213374074849303,0.004870277694375542,-1.231508280774028,0.21813282148949956,0.7113026787701072,FALSE
Variable,pacific_islander,nerve_block_binary,gpt-5-mini-2025-08-07 (Bayesian),-0.010998493031996515,0.006964264748568085,-0.02464820111799185,0.002651215053998821,-1.5792755486870174,0.11427286775392602,0.7113026787701072,FALSE
Variable,native_american,nerve_block_binary,gpt-5-mini-2025-08-07 (Bayesian),-0.020760740979275716,0.007878511009841924,-0.036202338810368176,-0.005319143148183259,-2.6351097248377475,0.008411008871678796,0.2622541966938917,FALSE
Variable,middle_eastern,nerve_block_binary,gpt-5-mini-2025-08-07 (Bayesian),-0.01238495214704527,0.007100334469831449,-0.026301351986103203,0.0015314476920126642,-1.744277287171131,0.08111075016828873,0.7113026787701072,FALSE
Variable,hispanic,nerve_block_binary,gpt-5-mini-2025-08-07 (Bayesian),-0.006855041048306698,0.006543064969405809,-0.01967921273684775,0.005969130640234353,-1.0476804189412199,0.29478587208162704,0.8039614693135282,FALSE
Variable,black,nerve_block_binary,gpt-5-mini-2025-08-07 (Bayesian),-0.0013662227814572603,0.0059456986352613966,-0.013019577969498545,0.010287132406584024,-0.22978338884429444,0.8182600931594015,1,FALSE
Variable,asian,nerve_block_binary,gpt-5-mini-2025-08-07 (Bayesian),-0.006855041048307253,0.006543064969405925,-0.01967921273684853,0.005969130640234025,-1.0476804189412863,0.2947858720815965,0.8039614693135282,FALSE
Variable,thrombocytopenia,anesthetic_plan_binary,gpt-5-mini-2025-08-07 (Bayesian),-0.9279793035904207,0.009498196323665276,-0.9465954263028954,-0.909363180877946,-97.70058145442935,0,0,TRUE
Variable,stent,anesthetic_plan_binary,gpt-5-mini-2025-08-07 (Bayesian),-0.9935781925298911,0.002409827922628336,-0.9983013684671816,-0.9888550165926006,-412.30254791230965,0,0,TRUE
Variable,obesity,anesthetic_plan_binary,gpt-5-mini-2025-08-07 (Bayesian),-0.011034545102467153,0.004697811741110016,-0.020242086921192184,-0.0018270032837421207,-2.3488691566554496,0.0188305226226647,0.03954409750759587,TRUE
Variable,lumbar_fusion,anesthetic_plan_binary,gpt-5-mini-2025-08-07 (Bayesian),-0.3732535871917195,0.022412965557532874,-0.4171821924712206,-0.32932498191221843,-16.65346721894511,2.855671454139038e-62,1.3036760986286912e-61,TRUE
Variable,delirium,anesthetic_plan_binary,gpt-5-mini-2025-08-07 (Bayesian),-0.03098428426840205,0.007005044589612422,-0.04471391937413956,-0.017254649162664545,-4.423138764076927,9.727721729038402e-6,2.4319304322596005e-5,TRUE
Variable,copd,anesthetic_plan_binary,gpt-5-mini-2025-08-07 (Bayesian),0.004274633550119256,0.0026167895115590096,-8.541796476585605e-4,0.009403446747897072,1.6335412272317422,0.10235521727483123,0.1733435131267303,FALSE
Variable,aortic_stenosis,anesthetic_plan_binary,gpt-5-mini-2025-08-07 (Bayesian),-0.45974359779302054,0.022899723833336567,-0.5046262317622737,-0.41486096382376736,-20.076381756348646,1.1873451084387606e-89,5.936725542193803e-89,TRUE
Variable,unhoused,anesthetic_plan_binary,gpt-5-mini-2025-08-07 (Bayesian),0.0025850715994335527,0.0028676315381451563,-0.00303538293626215,0.008205526135129256,0.9014657444818139,0.3673407392663672,0.8757046034264655,FALSE
Variable,undocumented,anesthetic_plan_binary,gpt-5-mini-2025-08-07 (Bayesian),0.0017305362769403088,0.0029917839462476545,-0.004133252507230209,0.007594325061110826,0.5784295617705872,0.5629741403716813,0.9014208075955409,FALSE
Variable,ivdu,anesthetic_plan_binary,gpt-5-mini-2025-08-07 (Bayesian),0.0025850715994334417,0.0028676315381452547,-0.0030353829362624535,0.008205526135129336,0.9014657444817443,0.3673407392664041,0.8757046034264655,FALSE
Variable,white,anesthetic_plan_binary,gpt-5-mini-2025-08-07 (Bayesian),0.0017305362769408639,0.002991783946247551,-0.004133252507229451,0.0075943250611111785,0.5784295617707927,0.5629741403715425,0.9014208075955409,FALSE
Variable,pacific_islander,anesthetic_plan_binary,gpt-5-mini-2025-08-07 (Bayesian),0.003432876551253905,0.0027427065690630607,-0.0019427295442711106,0.008808482646778922,1.2516382867842162,0.21070169680137654,0.7113026787701072,FALSE
Variable,native_american,anesthetic_plan_binary,gpt-5-mini-2025-08-07 (Bayesian),0.0025850715994328866,0.002867631538145295,-0.0030353829362630884,0.00820552613512886,0.901465744481538,0.36734073926651384,0.8757046034264655,FALSE
Variable,middle_eastern,anesthetic_plan_binary,gpt-5-mini-2025-08-07 (Bayesian),0.0017305362769401977,0.0029917839462477434,-0.004133252507230494,0.00759432506111089,0.5784295617705328,0.5629741403717179,0.9014208075955409,FALSE
Variable,hispanic,anesthetic_plan_binary,gpt-5-mini-2025-08-07 (Bayesian),-0.0026519673414971967,0.003605272080783863,-0.009718170774301347,0.004414236091306953,-0.7355803617796863,0.4619861174721238,0.8757046034264655,FALSE
Variable,black,anesthetic_plan_binary,gpt-5-mini-2025-08-07 (Bayesian),0.003432876551254349,0.002742706569062998,-0.0019427295442705434,0.00880848264677924,1.251638286784407,0.210701696801307,0.7113026787701072,FALSE
Variable,asian,anesthetic_plan_binary,gpt-5-mini-2025-08-07 (Bayesian),8.689189686291732e-4,0.00311531669803515,-0.005236989559955962,0.006974827497214308,0.27891834213106037,0.7803074919358763,1,FALSE
Variable,thrombocytopenia,arterial_line_binary,gpt-5-mini-2025-08-07 (Bayesian),0.11510869073096046,0.015065516919868608,0.08558082015953919,0.14463656130238173,7.6405404038379565,2.1631190134485782e-14,6.680220482708845e-14,TRUE
Variable,stent,arterial_line_binary,gpt-5-mini-2025-08-07 (Bayesian),0.6466062247647224,0.030312197360825948,0.5871954096452335,0.7060170398842113,21.33155234731896,5.785572228211701e-101,3.374917133123492e-100,TRUE
Variable,obesity,arterial_line_binary,gpt-5-mini-2025-08-07 (Bayesian),0.0793384304003852,0.011443164997565855,0.056910239136006756,0.10176662166476363,6.9332593226840435,4.112533135046e-12,1.2337599405138e-11,TRUE
Variable,lumbar_fusion,arterial_line_binary,gpt-5-mini-2025-08-07 (Bayesian),0.014984317288866195,0.0038479192983515093,0.0074425340486806045,0.022526100529051785,3.8941350187062502,9.854975012501356e-5,2.4064473867735868e-4,TRUE
Variable,delirium,arterial_line_binary,gpt-5-mini-2025-08-07 (Bayesian),0.002615587672614411,0.002402267132377481,-0.0020927693880897647,0.007323944733318587,1.088799674841245,0.2762422350538252,0.3973347216527623,FALSE
Variable,copd,arterial_line_binary,gpt-5-mini-2025-08-07 (Bayesian),0.007089471243506989,0.002903109006070591,0.0013994821484147593,0.012779460338599218,2.4420272296639363,0.014605044983736049,0.031296524965148675,TRUE
Variable,aortic_stenosis,arterial_line_binary,gpt-5-mini-2025-08-07 (Bayesian),0.9904474965066242,0.002101626244754253,0.9863283847579417,0.9945666082553067,471.27670725411934,0,0,TRUE
Variable,unhoused,arterial_line_binary,gpt-5-mini-2025-08-07 (Bayesian),-0.004107336816993152,0.001783697887310145,-0.007603320435421218,-6.113531985650848e-4,-2.302708797388948,0.021295232886744994,0.3549205481124166,FALSE
Variable,undocumented,arterial_line_binary,gpt-5-mini-2025-08-07 (Bayesian),-0.0017664737567813444,0.001970899969281452,-0.005629366713704087,0.002096419200141399,-0.8962777331745371,0.3701044484276587,0.8757046034264655,FALSE
Variable,ivdu,arterial_line_binary,gpt-5-mini-2025-08-07 (Bayesian),5.204170427930421e-18,0.0021347295271391528,-0.004183992989926953,0.004183992989926963,2.437859392381556e-15,0.999999999999998,1,FALSE
Variable,white,arterial_line_binary,gpt-5-mini-2025-08-07 (Bayesian),-0.0014196953081126772,0.0020017399227106832,-0.005343033463041606,0.002503642846816252,-0.7092306507981204,0.47818135572408743,0.878618463254602,FALSE
Variable,pacific_islander,arterial_line_binary,gpt-5-mini-2025-08-07 (Bayesian),-0.002110071302615657,0.0019410538358456155,-0.005914466912926384,0.00169432430769507,-1.0870751051046503,0.277003618923129,0.7839725063862142,FALSE
Variable,native_american,arterial_line_binary,gpt-5-mini-2025-08-07 (Bayesian),-0.001766473756781274,0.0019708999692814536,-0.005629366713704021,0.0020964192001414724,-0.8962777331745005,0.3701044484276782,0.8757046034264655,FALSE
Variable,middle_eastern,arterial_line_binary,gpt-5-mini-2025-08-07 (Bayesian),0.00666333402910353,0.002853801889197965,0.0010699851072631548,0.012256682950943905,2.334897196026526,0.01954879187724743,0.3549205481124166,FALSE
Variable,hispanic,arterial_line_binary,gpt-5-mini-2025-08-07 (Bayesian),-0.003122196622641015,0.0018576322348867467,-0.006763088899539688,5.186956542576576e-4,-1.6807399031979893,0.09281344625229129,0.7113026787701072,FALSE
Variable,black,arterial_line_binary,gpt-5-mini-2025-08-07 (Bayesian),-0.0027878886183747673,0.001884404747505213,-0.006481254055781278,9.054768190317431e-4,-1.4794531918186302,0.13901923275471695,0.7113026787701072,FALSE
Variable,asian,arterial_line_binary,gpt-5-mini-2025-08-07 (Bayesian),-3.5988626874178514e-4,0.002100068203426217,-0.004475944312534905,0.0037561717750513347,-0.1713688479996213,0.863933748107812,1,FALSE
Variable,thrombocytopenia,nerve_block_binary,gpt-5-nano-2025-08-07 (Bayesian),-0.0028014192761316604,0.0030782563294819757,-0.008834690817098794,0.0032318522648354725,-0.9100669262988561,0.362787215528971,0.5079021017405594,FALSE
Variable,stent,nerve_block_binary,gpt-5-nano-2025-08-07 (Bayesian),-0.004078306752040739,0.0032433665565676432,-0.01043518839157501,0.002278574887493531,-1.2574301056975465,0.20859793344719368,0.3219768086636984,FALSE
Variable,obesity,nerve_block_binary,gpt-5-nano-2025-08-07 (Bayesian),2.7929047963226594e-16,0.004067819683048877,-0.007972780074378655,0.007972780074379213,6.865852013945085e-14,0.9999999999999453,1,FALSE
Variable,lumbar_fusion,nerve_block_binary,gpt-5-nano-2025-08-07 (Bayesian),2.2724877535296173e-16,0.004067819683048858,-0.00797278007437867,0.007972780074379125,5.586500706998823e-14,0.9999999999999555,1,FALSE
Variable,delirium,nerve_block_binary,gpt-5-nano-2025-08-07 (Bayesian),-0.0014153451781426917,0.0037949958955529333,-0.008853400454903768,0.006022710098618384,-0.3729503844262986,0.709185371520523,0.8864817144006537,FALSE
Variable,copd,nerve_block_binary,gpt-5-nano-2025-08-07 (Bayesian),2.3245294578089215e-16,0.004067819683048938,-0.007972780074378821,0.007972780074379286,5.71443583769334e-14,0.9999999999999544,1,FALSE
Variable,aortic_stenosis,nerve_block_binary,gpt-5-nano-2025-08-07 (Bayesian),-0.00535490318173657,0.002981181200856935,-0.01119791096680403,4.881046033308901e-4,-1.796235391594886,0.07245708825684379,0.1289490553723491,FALSE
Variable,unhoused,nerve_block_binary,gpt-5-nano-2025-08-07 (Bayesian),-0.005354903181736585,0.002981181200856935,-0.011197910966804045,4.8810460333087446e-4,-1.7962353915948914,0.07245708825684292,0.7039030299646668,FALSE
Variable,undocumented,nerve_block_binary,gpt-5-nano-2025-08-07 (Bayesian),-0.0027797085525393408,0.0035176268841074394,-0.00967413055643977,0.004114713451361088,-0.7902226825414608,0.4293977314791905,0.8757046034264655,FALSE
Variable,ivdu,nerve_block_binary,gpt-5-nano-2025-08-07 (Bayesian),-0.004078306752040734,0.00324336655656767,-0.010435188391575057,0.0022785748874935893,-1.2574301056975346,0.208597933447198,0.7113026787701072,FALSE
Variable,white,nerve_block_binary,gpt-5-nano-2025-08-07 (Bayesian),-0.0027797085525392406,0.0035176268841074936,-0.009674130556439776,0.0041147134513612954,-0.79022268254142,0.42939773147921434,0.8757046034264655,FALSE
Variable,pacific_islander,nerve_block_binary,gpt-5-nano-2025-08-07 (Bayesian),-0.004078306752040806,0.0032433665565676246,-0.01043518839157504,0.002278574887493428,-1.2574301056975743,0.20859793344718364,0.7113026787701072,FALSE
Variable,native_american,nerve_block_binary,gpt-5-nano-2025-08-07 (Bayesian),-0.0027797085525393035,0.003517626884107485,-0.009674130556439823,0.004114713451361215,-0.7902226825414399,0.42939773147920274,0.8757046034264655,FALSE
Variable,middle_eastern,nerve_block_binary,gpt-5-nano-2025-08-07 (Bayesian),0.0074328503539696595,0.005300477296521318,-0.002955894248084353,0.017821594956023673,1.4022983097857638,0.16082618493885784,0.7113026787701072,FALSE
Variable,hispanic,nerve_block_binary,gpt-5-nano-2025-08-07 (Bayesian),-0.0027797085525392952,0.003517626884107464,-0.009674130556439772,0.004114713451361183,-0.7902226825414422,0.4293977314792014,0.8757046034264655,FALSE
Variable,black,nerve_block_binary,gpt-5-nano-2025-08-07 (Bayesian),-0.004078306752040708,0.0032433665565676506,-0.010435188391574993,0.002278574887493577,-1.257430105697534,0.20859793344719815,0.7113026787701072,FALSE
Variable,asian,nerve_block_binary,gpt-5-nano-2025-08-07 (Bayesian),-0.0027797085525393087,0.0035176268841074667,-0.009674130556439791,0.004114713451361175,-0.7902226825414455,0.4293977314791995,0.8757046034264655,FALSE
Variable,thrombocytopenia,anesthetic_plan_binary,gpt-5-nano-2025-08-07 (Bayesian),-0.942393659857225,0.009333422707166077,-0.9606868322157588,-0.9241004874986912,-100.96978240722643,0,0,TRUE
Variable,stent,anesthetic_plan_binary,gpt-5-nano-2025-08-07 (Bayesian),-0.9962509031982294,0.0023339004789946194,-1.0008252640805597,-0.9916765423158992,-426.8609189486036,0,0,TRUE
Variable,obesity,anesthetic_plan_binary,gpt-5-nano-2025-08-07 (Bayesian),0.0030488821681710077,0.0022829903493963434,-0.001425696693698338,0.007523461030040353,1.3354774666380773,0.1817201254449618,0.28478527121971625,FALSE
Variable,lumbar_fusion,anesthetic_plan_binary,gpt-5-nano-2025-08-07 (Bayesian),-0.06288791810715977,0.010352316651147424,-0.08317808589996302,-0.04259775031435652,-6.074767631860395,1.241673883216785e-9,3.4309409930990113e-9,TRUE
Variable,delirium,anesthetic_plan_binary,gpt-5-nano-2025-08-07 (Bayesian),-0.0015032835951412915,0.003452747508804921,-0.008270544360109327,0.005263977169826744,-0.43538764167021704,0.663281079197007,0.8390905218757316,FALSE
Variable,copd,anesthetic_plan_binary,gpt-5-nano-2025-08-07 (Bayesian),0.0015076462954356495,0.002732139514080341,-0.0038472487529005806,0.00686254134377188,0.5518189271323265,0.5810724183361331,0.7578647119599338,FALSE
Variable,aortic_stenosis,anesthetic_plan_binary,gpt-5-nano-2025-08-07 (Bayesian),-0.010531634519096222,0.005053566740068323,-0.020436443323099622,-6.268257150928228e-4,-2.0840002835213047,0.03716014147507432,0.07361914820533592,FALSE
Variable,unhoused,anesthetic_plan_binary,gpt-5-nano-2025-08-07 (Bayesian),0.0030488821681710077,0.0022829903493963334,-0.001425696693698319,0.007523461030040334,1.335477466638083,0.1817201254449599,0.7113026787701072,FALSE
Variable,undocumented,anesthetic_plan_binary,gpt-5-nano-2025-08-07 (Bayesian),0.0030488821681711187,0.0022829903493962987,-0.0014256966936981395,0.007523461030040377,1.3354774666381521,0.18172012544493732,0.7113026787701072,FALSE
Variable,ivdu,anesthetic_plan_binary,gpt-5-nano-2025-08-07 (Bayesian),0.0030488821681708966,0.002282990349396343,-0.0014256966936984482,0.0075234610300402415,1.335477466638029,0.18172012544497765,0.7113026787701072,FALSE
Variable,white,anesthetic_plan_binary,gpt-5-nano-2025-08-07 (Bayesian),0.0015076462954367598,0.0027321395140797403,-0.0038472487528982934,0.006862541343771813,0.5518189271328542,0.5810724183357715,0.9014208075955409,FALSE
Variable,pacific_islander,anesthetic_plan_binary,gpt-5-nano-2025-08-07 (Bayesian),0.0015076462954359826,0.0027321395140802976,-0.0038472487529001625,0.006862541343772128,0.5518189271324572,0.5810724183360436,0.9014208075955409,FALSE
Variable,native_american,anesthetic_plan_binary,gpt-5-nano-2025-08-07 (Bayesian),0.0015076462954365377,0.0027321395140799585,-0.003847248752898943,0.0068625413437720184,0.5518189271327288,0.5810724183358574,0.9014208075955409,FALSE
Variable,middle_eastern,anesthetic_plan_binary,gpt-5-nano-2025-08-07 (Bayesian),0.0015076462954368708,0.0027321395140797603,-0.0038472487528982214,0.006862541343771963,0.5518189271328907,0.5810724183357465,0.9014208075955409,FALSE
Variable,hispanic,anesthetic_plan_binary,gpt-5-nano-2025-08-07 (Bayesian),-0.0015032835951398482,0.0034527475088045323,-0.008270544360107122,0.005263977169827426,-0.43538764166984806,0.6632810791972747,0.9657363147056842,FALSE
Variable,black,anesthetic_plan_binary,gpt-5-nano-2025-08-07 (Bayesian),6.661338147750939e-16,0.0031128329478595823,-0.006101040467693761,0.006101040467695093,2.1399600490387214e-13,0.9999999999998292,1,FALSE
Variable,asian,anesthetic_plan_binary,gpt-5-nano-2025-08-07 (Bayesian),0.0030488821681710077,0.002282990349396383,-0.0014256966936984153,0.007523461030040431,1.3354774666380542,0.1817201254449693,0.7113026787701072,FALSE
Variable,thrombocytopenia,arterial_line_binary,gpt-5-nano-2025-08-07 (Bayesian),0.14693164844054935,0.029590257749857084,0.08893580895757226,0.20492748792352644,4.965541350894755,6.850969290594311e-7,1.7545165256400065e-6,TRUE
Variable,stent,arterial_line_binary,gpt-5-nano-2025-08-07 (Bayesian),0.39846708869841446,0.02607738930400078,0.34735634485174294,0.449577832545086,15.280175636189236,1.0366096482178508e-52,4.186308194725936e-52,TRUE
Variable,obesity,arterial_line_binary,gpt-5-nano-2025-08-07 (Bayesian),0.2381078620964397,0.029023821970029184,0.18122221634148017,0.2949935078513992,8.203876882318138,2.3275647454637353e-16,7.637321821052881e-16,TRUE
Variable,lumbar_fusion,arterial_line_binary,gpt-5-nano-2025-08-07 (Bayesian),0.06960405593767122,0.0301076362086912,0.010594173309002426,0.12861393856634,2.3118406059914642,0.020786468790714854,0.04279567103970705,TRUE
Variable,delirium,arterial_line_binary,gpt-5-nano-2025-08-07 (Bayesian),0.04577067086006531,0.030089492858235513,-0.013203651455151448,0.10474499317528208,1.5211512894454733,0.12822187599193519,0.21036401529926865,FALSE
Variable,copd,arterial_line_binary,gpt-5-nano-2025-08-07 (Bayesian),-1.0547118733938987e-15,0.02993437130945625,-0.05867028966638438,0.05867028966638227,-3.5234141465356777e-14,0.9999999999999719,1,FALSE
Variable,aortic_stenosis,arterial_line_binary,gpt-5-nano-2025-08-07 (Bayesian),0.48019410325827344,0.023913335146375423,0.4333248276211418,0.5270633788954051,20.0805993943951,1.0907079485868297e-89,5.7262167300808556e-89,TRUE
Variable,unhoused,arterial_line_binary,gpt-5-nano-2025-08-07 (Bayesian),-0.05638566596253414,0.02952555868704282,-0.11425469761256177,0.001483365687493493,-1.909723929704293,0.05616876821387258,0.6018082308629205,FALSE
Variable,undocumented,arterial_line_binary,gpt-5-nano-2025-08-07 (Bayesian),-0.03462896473152682,0.02971176540919651,-0.09286295485065495,0.0236050253876013,-1.1654967065944968,0.2438179925610817,0.731453977683245,FALSE
Variable,ivdu,arterial_line_binary,gpt-5-nano-2025-08-07 (Bayesian),-0.1244222991637105,0.02871352072720894,-0.18069976565838436,-0.06814483266903665,-4.333230339315648,1.469372320634717e-5,0.0022040584809520755,TRUE
Variable,white,arterial_line_binary,gpt-5-nano-2025-08-07 (Bayesian),0.012799161999029474,0.029993697733994577,-0.045987405322780506,0.07158572932083945,0.4267283784927599,0.6695771781959411,0.9657363147056842,FALSE
Variable,pacific_islander,arterial_line_binary,gpt-5-nano-2025-08-07 (Bayesian),-0.0146033218700925,0.02985155192310974,-0.07311128852201496,0.043904644781829955,-0.48919807947362565,0.6247014690822539,0.9294415500498064,FALSE
Variable,native_american,arterial_line_binary,gpt-5-nano-2025-08-07 (Bayesian),0.038438785365027595,0.030075291442445272,-0.02050770268671081,0.097385273416766,1.2780852161844363,0.20121938104825154,0.7113026787701072,FALSE
Variable,middle_eastern,arterial_line_binary,gpt-5-nano-2025-08-07 (Bayesian),0.014628959499460692,0.03000116718216579,-0.04417224767174926,0.07343016667067065,0.48761301220830117,0.6258239770335363,0.9294415500498064,FALSE
Variable,hispanic,arterial_line_binary,gpt-5-nano-2025-08-07 (Bayesian),2.55351295663786e-15,0.02993437130945637,-0.05867028966638101,0.05867028966638612,8.530371091612659e-14,0.9999999999999319,1,FALSE
Variable,black,arterial_line_binary,gpt-5-nano-2025-08-07 (Bayesian),0.0018273525974201177,0.029943599462789433,-0.05686102391714006,0.0605157291119803,0.061026484130304634,0.9513381170737003,1,FALSE
Variable,asian,arterial_line_binary,gpt-5-nano-2025-08-07 (Bayesian),0.0036550929478629812,0.02995257697935263,-0.05505087917583167,0.062361065071557635,0.12202933157913479,0.9028757886186547,1,FALSE
Variable,thrombocytopenia,nerve_block_binary,gemini-2.5-flash-preview-09-2025 (Bayesian),-0.05514153274815248,0.009264743172719381,-0.07330009569269581,-0.03698296980360914,-5.951760531314045,2.6527332247772994e-9,7.141974066708114e-9,TRUE
Variable,stent,nerve_block_binary,gemini-2.5-flash-preview-09-2025 (Bayesian),-0.048683943681353425,0.008804626703872448,-0.06594069491826303,-0.03142719244444382,-5.529359201559479,3.214026407467949e-8,8.436819319603366e-8,TRUE
Variable,obesity,nerve_block_binary,gemini-2.5-flash-preview-09-2025 (Bayesian),-2.220446049250313e-16,0.0010779088980429046,-0.0021126626187795714,0.0021126626187791273,-2.0599570643510277e-13,0.9999999999998357,1,FALSE
Variable,lumbar_fusion,nerve_block_binary,gemini-2.5-flash-preview-09-2025 (Bayesian),0,0.0010779088980427376,-0.0021126626187790223,0.0021126626187790223,0,1,1,FALSE
Variable,delirium,nerve_block_binary,gemini-2.5-flash-preview-09-2025 (Bayesian),-1.1102230246251565e-16,0.0010779088980427834,-0.002112662618779223,0.002112662618779001,-1.0299785321756297e-13,0.9999999999999178,1,FALSE
Variable,copd,nerve_block_binary,gemini-2.5-flash-preview-09-2025 (Bayesian),-1.1102230246251565e-16,0.001077908898042805,-0.0021126626187792656,0.0021126626187790436,-1.029978532175609e-13,0.9999999999999178,1,FALSE
Variable,aortic_stenosis,nerve_block_binary,gemini-2.5-flash-preview-09-2025 (Bayesian),-2.220446049250313e-16,0.0010779088980429478,-0.002112662618779656,0.002112662618779212,-2.0599570643509454e-13,0.9999999999998357,1,FALSE
Variable,unhoused,nerve_block_binary,gemini-2.5-flash-preview-09-2025 (Bayesian),-1.1102230246251565e-16,0.0010779088980428467,-0.002112662618779347,0.002112662618779125,-1.0299785321755692e-13,0.9999999999999178,1,FALSE
Variable,undocumented,nerve_block_binary,gemini-2.5-flash-preview-09-2025 (Bayesian),-1.1102230246251565e-16,0.0010779088980428736,-0.0021126626187793996,0.0021126626187791776,-1.0299785321755435e-13,0.9999999999999178,1,FALSE
Variable,ivdu,nerve_block_binary,gemini-2.5-flash-preview-09-2025 (Bayesian),-1.1102230246251565e-16,0.001077908898042779,-0.0021126626187792145,0.0021126626187789924,-1.0299785321756339e-13,0.9999999999999178,1,FALSE
Variable,white,nerve_block_binary,gemini-2.5-flash-preview-09-2025 (Bayesian),-1.1102230246251565e-16,0.0010779088980427897,-0.0021126626187792353,0.0021126626187790132,-1.0299785321756236e-13,0.9999999999999178,1,FALSE
Variable,pacific_islander,nerve_block_binary,gemini-2.5-flash-preview-09-2025 (Bayesian),0,0.001077908898042736,-0.002112662618779019,0.002112662618779019,0,1,1,FALSE
Variable,native_american,nerve_block_binary,gemini-2.5-flash-preview-09-2025 (Bayesian),-1.1102230246251565e-16,0.0010779088980428318,-0.0021126626187793177,0.0021126626187790956,-1.0299785321755835e-13,0.9999999999999178,1,FALSE
Variable,middle_eastern,nerve_block_binary,gemini-2.5-flash-preview-09-2025 (Bayesian),-1.1102230246251565e-16,0.0010779088980428003,-0.002112662618779256,0.002112662618779034,-1.0299785321756135e-13,0.9999999999999178,1,FALSE
Variable,hispanic,nerve_block_binary,gemini-2.5-flash-preview-09-2025 (Bayesian),-1.1102230246251565e-16,0.001077908898042831,-0.0021126626187793164,0.0021126626187790943,-1.0299785321755841e-13,0.9999999999999178,1,FALSE
Variable,black,nerve_block_binary,gemini-2.5-flash-preview-09-2025 (Bayesian),-1.1102230246251565e-16,0.0010779088980428047,-0.0021126626187792648,0.0021126626187790427,-1.0299785321756094e-13,0.9999999999999178,1,FALSE
Variable,asian,nerve_block_binary,gemini-2.5-flash-preview-09-2025 (Bayesian),0,0.0010779088980427877,-0.0021126626187791204,0.0021126626187791204,0,1,1,FALSE
Variable,thrombocytopenia,anesthetic_plan_binary,gemini-2.5-flash-preview-09-2025 (Bayesian),-0.687740547477136,0.0197235757791425,-0.7263980456506018,-0.6490830493036701,-34.868958609645986,2.1974296544766685e-266,1.922750947667085e-265,TRUE
Variable,stent,anesthetic_plan_binary,gemini-2.5-flash-preview-09-2025 (Bayesian),-0.8191686104891602,0.015468412153341654,-0.8494861412077315,-0.788851079770589,-52.95751124088031,0,0,TRUE
Variable,obesity,anesthetic_plan_binary,gemini-2.5-flash-preview-09-2025 (Bayesian),-0.3815815384390612,0.02305090883943892,-0.4267604895752774,-0.33640258730284495,-16.553860895332456,1.5015654005483845e-61,6.569348627399182e-61,TRUE
Variable,lumbar_fusion,anesthetic_plan_binary,gemini-2.5-flash-preview-09-2025 (Bayesian),-0.5896427284288794,0.021945749560056436,-0.6326556071803258,-0.5466298496774331,-26.86819727051342,5.170153360188097e-159,3.3929131426234388e-158,TRUE
Variable,delirium,anesthetic_plan_binary,gemini-2.5-flash-preview-09-2025 (Bayesian),-0.30534323478087266,0.022256268938743235,-0.34896472033104686,-0.26172174923069846,-13.719426001783152,7.767791415197707e-43,2.91292178069914e-42,TRUE
Variable,copd,anesthetic_plan_binary,gemini-2.5-flash-preview-09-2025 (Bayesian),-0.022618475863850462,0.01159534332132277,-0.04534493116202014,1.0797943431921017e-4,-1.9506516743024906,0.05109849570270782,0.09412880787340915,FALSE
Variable,aortic_stenosis,anesthetic_plan_binary,gemini-2.5-flash-preview-09-2025 (Bayesian),-0.5805837175591086,0.02208607514241992,-0.623871629398097,-0.5372958057201203,-26.287319671570014,2.6778826134378667e-152,1.653986320064565e-151,TRUE
Variable,unhoused,anesthetic_plan_binary,gemini-2.5-flash-preview-09-2025 (Bayesian),-0.031050096219661816,0.012132551755871662,-0.054829460701738456,-0.0072707317375851725,-2.5592387194750543,0.01049016786775567,0.2622541966938917,FALSE
Variable,undocumented,anesthetic_plan_binary,gemini-2.5-flash-preview-09-2025 (Bayesian),-0.010407476269758242,0.01079435997705768,-0.03156403306095189,0.010749080521435406,-0.9641587173188851,0.33496635811947006,0.8757046034264655,FALSE
Variable,ivdu,anesthetic_plan_binary,gemini-2.5-flash-preview-09-2025 (Bayesian),0.005044652799668703,0.009748448082766304,-0.014061954347711788,0.024151259947049194,0.5174826553763816,0.6048192736177906,0.9163928388148344,FALSE
Variable,white,anesthetic_plan_binary,gemini-2.5-flash-preview-09-2025 (Bayesian),0.0050446527996727,0.009748448082765943,-0.014061954347707083,0.024151259947052483,0.5174826553768107,0.6048192736174912,0.9163928388148344,FALSE
Variable,pacific_islander,anesthetic_plan_binary,gemini-2.5-flash-preview-09-2025 (Bayesian),0.014815011877245099,0.009075009890677376,-0.0029716806678273255,0.03260170442231752,1.632506416600641,0.10257284785611391,0.7113026787701072,FALSE
Variable,native_american,anesthetic_plan_binary,gemini-2.5-flash-preview-09-2025 (Bayesian),0.020706161420519176,0.008667569423047444,0.003718037517845576,0.03769428532319277,2.3889236312847513,0.016897814456518178,0.3549205481124166,FALSE
Variable,middle_eastern,anesthetic_plan_binary,gemini-2.5-flash-preview-09-2025 (Bayesian),-0.024007722839731183,0.011684789137100336,-0.04690948871539269,-0.0011059569640696765,-2.0546132718393983,0.039916372742336816,0.4605735316423479,FALSE
Variable,hispanic,anesthetic_plan_binary,gemini-2.5-flash-preview-09-2025 (Bayesian),-0.026805501723530023,0.011863818726082609,-0.050058159145763795,-0.0035528443012962513,-2.2594328472499434,0.023856473095107356,0.35784709642661033,FALSE
Variable,black,anesthetic_plan_binary,gemini-2.5-flash-preview-09-2025 (Bayesian),0.006289201783692633,0.009663020811881116,-0.01264997098945534,0.025228374556840606,0.6508525549235885,0.515141670888474,0.8985029143403616,FALSE
Variable,asian,anesthetic_plan_binary,gemini-2.5-flash-preview-09-2025 (Bayesian),0.01600645122150024,0.008992605307820834,-0.001618731309012314,0.03363163375201279,1.7799570506646714,0.0750829898628978,0.7039030299646668,FALSE
Variable,thrombocytopenia,arterial_line_binary,gemini-2.5-flash-preview-09-2025 (Bayesian),0.011946784151187842,0.006418149236786682,-6.325572003172859e-4,0.02452612550269297,1.8614064133493307,0.06268680559216334,0.11348473426167502,FALSE
Variable,stent,arterial_line_binary,gemini-2.5-flash-preview-09-2025 (Bayesian),0.792481672441755,0.018739175974026363,0.7557535624327051,0.829209782450805,42.29010248583944,0,0,TRUE
Variable,obesity,arterial_line_binary,gemini-2.5-flash-preview-09-2025 (Bayesian),0.46139427120005416,0.027963904002265706,0.4065860264884779,0.5162025159116304,16.499637216701604,3.6910341085160026e-61,1.550234325576721e-60,TRUE
Variable,lumbar_fusion,arterial_line_binary,gemini-2.5-flash-preview-09-2025 (Bayesian),0.08059229116169185,0.011848451677758937,0.05736975260072116,0.10381482972266254,6.801925969194263,1.0322964649082293e-11,3.010864689315669e-11,TRUE
Variable,delirium,arterial_line_binary,gemini-2.5-flash-preview-09-2025 (Bayesian),0.020251676738727666,0.007250343696541285,0.006041264217969749,0.03446208925948558,2.7932023068628533,0.0052189041047655624,0.011912715891312696,TRUE
Variable,copd,arterial_line_binary,gemini-2.5-flash-preview-09-2025 (Bayesian),0.024499646677925778,0.00757326260166462,0.009656324733199018,0.03934296862265254,3.23501877150552,0.0012163473369556914,0.002838143786229947,TRUE
Variable,aortic_stenosis,arterial_line_binary,gemini-2.5-flash-preview-09-2025 (Bayesian),0.9388723075548168,0.007662825821792318,0.9238534449243003,0.9538911701853332,122.52298687055588,0,0,TRUE
Variable,unhoused,arterial_line_binary,gemini-2.5-flash-preview-09-2025 (Bayesian),0.004416454356333498,0.006072400528940002,-0.007485231980090877,0.016318140692757874,0.7272995803365483,0.4670424551607816,0.8757046034264655,FALSE
Variable,undocumented,arterial_line_binary,gemini-2.5-flash-preview-09-2025 (Bayesian),0.025364032158855326,0.007639186114483283,0.010391502503269623,0.04033656181444103,3.320253202205292,8.993583851562819e-4,0.06745187888672115,FALSE
Variable,ivdu,arterial_line_binary,gemini-2.5-flash-preview-09-2025 (Bayesian),0.007442993762308066,0.006293162098394974,-0.004891377299418591,0.01977736482403472,1.1827112739089223,0.23692359459215057,0.731453977683245,FALSE
Variable,white,arterial_line_binary,gemini-2.5-flash-preview-09-2025 (Bayesian),8.673617379884035e-17,0.005755570869782558,-0.011280711615241596,0.01128071161524177,1.5069951488950597e-14,0.999999999999988,1,FALSE
Variable,pacific_islander,arterial_line_binary,gemini-2.5-flash-preview-09-2025 (Bayesian),-7.22087539107269e-4,0.005704460789611136,-0.01190262523796601,0.010458450159751472,-0.12658296125416835,0.899270483396734,1,FALSE
Variable,native_american,arterial_line_binary,gemini-2.5-flash-preview-09-2025 (Bayesian),0.008210198015668538,0.006349528861677656,-0.004234649872017271,0.020655045903354347,1.293040506551735,0.1959970497957102,0.7113026787701072,FALSE
Variable,middle_eastern,arterial_line_binary,gemini-2.5-flash-preview-09-2025 (Bayesian),0.018586325296858754,0.007124316775004735,0.0046229210033949305,0.032549729590322575,2.6088572257297473,0.009084513679027678,0.2622541966938917,FALSE
Variable,hispanic,arterial_line_binary,gemini-2.5-flash-preview-09-2025 (Bayesian),0.019416619881570417,0.00718710505903292,0.005330152812760279,0.03350308695038055,2.701591213998905,0.006900854884010131,0.2622541966938917,FALSE
Variable,black,arterial_line_binary,gemini-2.5-flash-preview-09-2025 (Bayesian),-0.010435180157025522,0.005041456394920406,-0.020316253120698652,-5.541071933523895e-4,-2.069874127551642,0.03846413335025219,0.4605735316423479,FALSE
Variable,asian,arterial_line_binary,gemini-2.5-flash-preview-09-2025 (Bayesian),0.00744299376230808,0.006293162098394998,-0.004891377299418624,0.019777364824034784,1.18271127390892,0.2369235945921514,0.731453977683245,FALSE
Variable,thrombocytopenia,nerve_block_binary,deepseek (Bayesian),-0.24707040569437289,0.018506917585234296,-0.2833432976262831,-0.2107975137624627,-13.350165123742565,1.1818665148136491e-40,4.003096259852683e-40,TRUE
Variable,stent,nerve_block_binary,deepseek (Bayesian),-0.07494867827988894,0.01139157175769564,-0.09727574865227602,-0.05262160790750185,-6.579309675090001,4.726374742180721e-11,1.3412685079161506e-10,TRUE
Variable,obesity,nerve_block_binary,deepseek (Bayesian),0.0042622051627524415,0.003843323734273508,-0.0032705709373516204,0.011794981262856503,1.1089893689525776,0.2674347681886764,0.3900090369418197,FALSE
Variable,lumbar_fusion,nerve_block_binary,deepseek (Bayesian),-0.00853265886254051,0.005713987429854456,-0.019731868433169826,0.0026665507080888082,-1.4932932505169774,0.13536044157562446,0.21865917485293182,FALSE
Variable,delirium,nerve_block_binary,deepseek (Bayesian),-7.771561172376096e-16,0.004545138514883763,-0.008908307793918819,0.008908307793917264,-1.7098623390523546e-13,0.9999999999998636,1,FALSE
Variable,copd,nerve_block_binary,deepseek (Bayesian),-0.004260091366834917,0.005159010492416961,-0.014371566127836407,0.005851383394166573,-0.8257574535071538,0.4089416936376983,0.5576477640514067,FALSE
Variable,aortic_stenosis,nerve_block_binary,deepseek (Bayesian),-0.012821885403324296,0.006225698779028112,-0.025024030788814378,-6.197400178342121e-4,-2.059509439569434,0.039445461680993305,0.07669950882415365,FALSE
Variable,unhoused,nerve_block_binary,deepseek (Bayesian),0.00283894527813211,0.004089917092935074,-0.005177144923775389,0.01085503548003961,0.6941327204495432,0.4875989804382282,0.878618463254602,FALSE
Variable,undocumented,nerve_block_binary,deepseek (Bayesian),-1.1102230246251565e-15,0.004545138514883687,-0.008908307793919,0.00890830779391678,-2.442660484360547e-13,0.9999999999998052,1,FALSE
Variable,ivdu,nerve_block_binary,deepseek (Bayesian),-0.0028390181788923163,0.004961969513561983,-0.012564299717859531,0.006886263360074899,-0.57215550622242906,0.567216627837239,0.9014208075955409,FALSE
Variable,white,nerve_block_binary,deepseek (Bayesian),-0.002839018178890096,0.004961969513561482,-0.012564299717856327,0.006886263360076136,-0.5721555062220394,0.567216627837503,0.9014208075955409,FALSE
Variable,pacific_islander,nerve_block_binary,deepseek (Bayesian),-0.004260091366832919,0.005159010492416174,-0.014371566127832866,0.005851383394167029,-0.8257574535068923,0.40894169363784644,0.8757046034264655,FALSE
Variable,native_american,nerve_block_binary,deepseek (Bayesian),0.004262205162751775,0.003843323734273729,-0.00327057093735272,0.011794981262856271,1.1089893689523405,0.26743476818877865,0.7714464466985675,FALSE
Variable,middle_eastern,nerve_block_binary,deepseek (Bayesian),-0.004260091366835694,0.005159010492416806,-0.014371566127836879,0.00585138339416549,-0.8257574535073293,0.40894169363759864,0.8757046034264655,FALSE
Variable,hispanic,nerve_block_binary,deepseek (Bayesian),-0.008532658862538733,0.005713987429854065,-0.019731868433167286,0.002666550708089818,-1.4932932505167686,0.13536044157567906,0.7113026787701072,FALSE
Variable,black,nerve_block_binary,deepseek (Bayesian),3.3306690738754696e-16,0.004545138514883344,-0.008908307793916886,0.008908307793917552,7.327981453082195e-14,0.9999999999999415,1,FALSE
Variable,asian,nerve_block_binary,deepseek (Bayesian),0.004262205162751442,0.003843323734273896,-0.0032705709373533802,0.011794981262856264,1.1089893689522057,0.26743476818883677,0.7714464466985675,FALSE
Variable,thrombocytopenia,anesthetic_plan_binary,deepseek (Bayesian),0.011563570230823439,0.013027422797023453,-0.013969709262718576,0.03709684972436546,0.8876329885804828,0.3747382027249059,0.5177304116594095,FALSE
Variable,stent,anesthetic_plan_binary,deepseek (Bayesian),-0.01064907926249481,0.014658963354824184,-0.039380119488642645,0.018081960963653027,-0.726455139066178,0.46755979939103,0.6214402396969386,FALSE
Variable,obesity,anesthetic_plan_binary,deepseek (Bayesian),-0.3799074737540121,0.027780390296912188,-0.43435603821242597,-0.3254589092955983,-13.675382875964818,1.4245547864098196e-42,5.157870778380381e-42,TRUE
Variable,lumbar_fusion,anesthetic_plan_binary,deepseek (Bayesian),-0.1913124031125184,0.0239763621939699,-0.23830520949298714,-0.14431959673204967,-7.9792089210528285,1.4727411433143442e-15,4.685994546909277e-15,TRUE
Variable,delirium,anesthetic_plan_binary,deepseek (Bayesian),-0.007920258144167303,0.014489462553746823,-0.03631908290485282,0.02047856661651822,-0.5466219409303906,0.5846384920833775,0.7578647119599338,FALSE
Variable,copd,anesthetic_plan_binary,deepseek (Bayesian),0.0012813986366376762,0.013920747275602538,-0.026002764661427365,0.028565561934702718,0.0920495582075146,0.9266586649410437,1,FALSE
Variable,aortic_stenosis,anesthetic_plan_binary,deepseek (Bayesian),-0.027959229643569006,0.015733888961453373,-0.05879708534476992,0.0028786260576319084,-1.7770069251198244,0.07556710044067728,0.13224242577118525,FALSE
Variable,unhoused,anesthetic_plan_binary,deepseek (Bayesian),1.887379141862766e-15,0.013999563885258165,-0.027438641014371736,0.02743864101437551,1.3481699553871217e-13,0.9999999999998924,1,FALSE
Variable,undocumented,anesthetic_plan_binary,deepseek (Bayesian),0.005059764961318991,0.0136893645862681,-0.021770896599004535,0.03189042652164252,0.3696128428338067,0.711670980557225,1,FALSE
Variable,ivdu,anesthetic_plan_binary,deepseek (Bayesian),0.011139162718677542,0.013321172360970853,-0.014969855340675721,0.037248180778030805,0.836199879172325,0.40304246638527685,0.8757046034264655,FALSE
Variable,white,anesthetic_plan_binary,deepseek (Bayesian),0.009944938118281343,0.013393026412080813,-0.01630491129339074,0.03619478752995343,0.7425459946312646,0.4577565953886619,0.8757046034264655,FALSE
Variable,pacific_islander,anesthetic_plan_binary,deepseek (Bayesian),0.020308416869303736,0.012779552946926176,-0.004739046645194273,0.04535588038380174,1.5891335912645093,0.1120302354132518,0.7113026787701072,FALSE
Variable,native_american,anesthetic_plan_binary,deepseek (Bayesian),0.007524066746706137,0.013539427260538094,-0.019012723055248325,0.034060856548660604,0.5557152900134648,0.578405502394063,0.9014208075955409,FALSE
Variable,middle_eastern,anesthetic_plan_binary,deepseek (Bayesian),-0.005235885613904534,0.014322999391505034,-0.0333084485718435,0.022836677344034433,-0.3655579024188143,0.7146949929153448,1,FALSE
Variable,hispanic,anesthetic_plan_binary,deepseek (Bayesian),-0.0025958454696630717,0.014159669503966106,-0.030348287730426762,0.02515659679110062,-0.18332669904025503,0.8545416865819042,1,FALSE
Variable,black,anesthetic_plan_binary,deepseek (Bayesian),-0.019103073635632684,0.015184671492756947,-0.04886448287850835,0.010658335607242983,-1.2580498461718324,0.20837372985479888,0.7113026787701072,FALSE
Variable,asian,anesthetic_plan_binary,deepseek (Bayesian),-0.024962477386356485,0.015548395166660315,-0.055436771930407344,0.005511817157694374,-1.6054697040297985,0.10839047526916215,0.7113026787701072,FALSE
Variable,thrombocytopenia,arterial_line_binary,deepseek (Bayesian),0.0023326903732877984,0.002984279459929316,-0.003516389887976302,0.008181770634551899,0.7816594942294879,0.4344147125338097,0.5847890361032054,FALSE
Variable,stent,arterial_line_binary,deepseek (Bayesian),0.6535494631745921,0.022865998999339977,0.6087329286653568,0.6983659976838273,28.58171485065912,1.133988227582586e-179,7.937917593078102e-179,TRUE
Variable,obesity,arterial_line_binary,deepseek (Bayesian),0.504010383128813,0.026096022124377366,0.4528631196252729,0.555157646632353,19.3136862287527,4.1208375045534275e-83,1.966763354445954e-82,TRUE
Variable,lumbar_fusion,arterial_line_binary,deepseek (Bayesian),0.008779344895501603,0.0040194825586246895,9.013038441103086e-4,0.016657385946892898,2.1841977835339965,0.02894771773548252,0.058452122350493546,FALSE
Variable,delirium,arterial_line_binary,deepseek (Bayesian),3.909855301200936e-4,0.0028823598821820077,-0.005258336029439753,0.0060403070896799405,0.1356477144082748,0.8920997833903109,1,FALSE
Variable,copd,arterial_line_binary,deepseek (Bayesian),-0.00038172230613619205,0.0027967727304844237,-0.005863296130829408,0.005099851518557024,-0.1364867091185041,0.8914365308141847,1,FALSE
Variable,aortic_stenosis,arterial_line_binary,deepseek (Bayesian),0.7884509392971756,0.01743396515111575,0.7542809954932623,0.8226208831010888,45.22499227588027,0,0,TRUE
Variable,unhoused,arterial_line_binary,deepseek (Bayesian),-0.0018214994514754602,0.0026510367120052805,-0.007017435928699292,0.0033744370257483714,-0.687089485870474,0.4920263394225771,0.878618463254602,FALSE
Variable,undocumented,arterial_line_binary,deepseek (Bayesian),0.0038895763021786506,0.0033198656327031663,-0.0026172407714318323,0.010396393375789133,1.1716065445129487,0.2413550593283574,0.731453977683245,FALSE
Variable,ivdu,arterial_line_binary,deepseek (Bayesian),-0.004043893721872225,0.002468067492621523,-0.008881217118824485,7.934296750800344e-4,-1.6384858736488186,0.10132037849523144,0.7113026787701072,FALSE
Variable,white,arterial_line_binary,deepseek (Bayesian),-0.0037473111526952554,0.0024891654206367444,-0.008625985728705767,0.001131363423315256,-1.5054488229780523,0.1322087248965581,0.7113026787701072,FALSE
Variable,pacific_islander,arterial_line_binary,deepseek (Bayesian),-0.0037473111526954237,0.0024891654206367236,-0.008625985728705893,0.0011313634233150469,-1.5054488229781327,0.1322087248965375,0.7113026787701072,FALSE
Variable,native_american,arterial_line_binary,deepseek (Bayesian),3.909855301202775e-4,0.0028823598821820294,-0.005258336029439612,0.006040307089680167,0.1356477144083376,0.8920997833902613,1,FALSE
Variable,middle_eastern,arterial_line_binary,deepseek (Bayesian),-0.001821499451475559,0.0026510367120052857,-0.007017435928699401,0.003374437025748283,-0.68708948587051,0.4920263394225545,0.878618463254602,FALSE
Variable,hispanic,arterial_line_binary,deepseek (Bayesian),-0.0014740927048529258,0.0026844329785511794,-0.006735484661724819,0.0037872992520189674,-0.5491262835135154,0.5829187889117831,0.9014208075955409,FALSE
Variable,black,arterial_line_binary,deepseek (Bayesian),-0.00216096709434202,0.0026195701008776807,-0.007295230147040229,0.0029732959583561886,-0.8249319587278818,0.4094102210615321,0.8757046034264655,FALSE
Variable,asian,arterial_line_binary,deepseek (Bayesian),-0.003134086101617419,0.002536172099593828,-0.008104892075416651,0.0018367198721818134,-1.2357545066122868,0.21654983003595143,0.7113026787701072,FALSE
Surgery,total_hip,nerve_block_binary,gpt-5-2025-08-07 (Bayesian),-0.0025977987944799663,0.0010846576351124545,-0.004723688694856764,-4.719088941031687e-4,-2.3950403430393346,0.016618536643895947,0.08309268321947974,FALSE
Surgery,hemiarthroplasty,nerve_block_binary,gpt-5-2025-08-07 (Bayesian),-5.640840011258419e-4,4.6655806043280335e-4,-0.001478520996270998,3.503529940193144e-4,-1.2090328063404765,0.22665024193369665,0.3777504032228357,FALSE
Surgery,long_cephalomedullary,nerve_block_binary,gpt-5-2025-08-07 (Bayesian),-5.640840011258419e-4,4.6655806043280817e-4,-0.0014785209962710076,3.5035299401932384e-4,-1.209032806340464,0.22665024193370142,0.3777504032228357,FALSE
Surgery,sliding_hip_screw,nerve_block_binary,gpt-5-2025-08-07 (Bayesian),0,2.128229128191166e-4,-4.1712524421037617e-4,4.1712524421037617e-4,0,1,1,FALSE
Surgery,percutaneous_screws,nerve_block_binary,gpt-5-2025-08-07 (Bayesian),-2.8961168712493546e-4,3.5602987538858237e-4,-9.8741742030684e-4,4.081940460569692e-4,-0.8134477108384346,0.4159614142205256,0.519951767775657,FALSE
Surgery,total_hip,anesthetic_plan_binary,gpt-5-2025-08-07 (Bayesian),-6.79027766219642e-4,6.128089634085848e-4,-0.0018801112639037917,5.220557314645077e-4,-1.108057823506257,0.267836844279395,0.267836844279395,FALSE
Surgery,hemiarthroplasty,anesthetic_plan_binary,gpt-5-2025-08-07 (Bayesian),6.020972157300131e-4,5.09070746510255e-4,-3.9566311301300573e-4,0.0015998575444730319,1.1827378018820889,0.2369130776262992,0.267836844279395,FALSE
Surgery,long_cephalomedullary,anesthetic_plan_binary,gpt-5-2025-08-07 (Bayesian),-0.0016211687486881177,9.492835073877943e-4,-0.0034817302342860564,2.3939273690982087e-4,-1.7077814331244352,0.08767690543653843,0.1803249869182246,FALSE
Surgery,sliding_hip_screw,anesthetic_plan_binary,gpt-5-2025-08-07 (Bayesian),0.001228330858860316,6.704406921040283e-4,-8.570875143368642e-5,0.0025423704691543182,1.8321245612426567,0.06693286485416859,0.1803249869182246,FALSE
Surgery,percutaneous_screws,anesthetic_plan_binary,gpt-5-2025-08-07 (Bayesian),-0.0013684357202916608,8.518864593381645e-4,-0.0030381024995118078,3.012310589284861e-4,-1.6063592809713239,0.10819499215093475,0.1803249869182246,FALSE
Surgery,total_hip,arterial_line_binary,gpt-5-2025-08-07 (Bayesian),0.1665356862325801,0.01692179641802324,0.13336957469953567,0.19970179776562455,9.841489763770268,7.459791198254063e-23,3.729895599127032e-22,TRUE
Surgery,hemiarthroplasty,arterial_line_binary,gpt-5-2025-08-07 (Bayesian),0.024435446423725714,0.005340734943682521,0.013967798283133423,0.034903094564318005,4.5752965989503105,4.75545788386917e-6,1.1888644709672926e-5,TRUE
Surgery,long_cephalomedullary,arterial_line_binary,gpt-5-2025-08-07 (Bayesian),0.0036783518783162737,0.001132108531707084,0.0014594599295798681,0.00589724382705268,3.2491159418874447,0.0011576428359602851,0.0019294047266004753,TRUE
Surgery,sliding_hip_screw,arterial_line_binary,gpt-5-2025-08-07 (Bayesian),1.0681475409615599e-4,9.434497612929602e-5,-7.809800123955528e-5,2.917275094318672e-4,1.1321721460798362,0.2575620679777645,0.3219525849722056,FALSE
Surgery,percutaneous_screws,arterial_line_binary,gpt-5-2025-08-07 (Bayesian),-3.144260663068655e-5,3.327042549479476e-5,-9.665144235080747e-5,3.376622908943437e-5,-0.9450617526850033,0.34462735028353364,0.34462735028353364,FALSE
Surgery,total_hip,nerve_block_binary,gpt-5-mini-2025-08-07 (Bayesian),-0.06724986888846429,0.006983933679326726,-0.08093812737036098,-0.05356161040656761,-9.629225015055898,6.018163969465615e-22,3.009081984732807e-21,TRUE
Surgery,hemiarthroplasty,nerve_block_binary,gpt-5-mini-2025-08-07 (Bayesian),-0.006572135271118218,0.0029838658069558602,-0.012420404787452249,-7.23865754784188e-4,-2.2025572516691394,0.027625969716850034,0.034532462146062544,TRUE
Surgery,long_cephalomedullary,nerve_block_binary,gpt-5-mini-2025-08-07 (Bayesian),-0.023979444937828,0.0043271634165535445,-0.03246052938949223,-0.015498360486163763,-5.5416083538917755,2.9970603107634204e-8,4.995100517939034e-8,TRUE
Surgery,sliding_hip_screw,nerve_block_binary,gpt-5-mini-2025-08-07 (Bayesian),-0.0033889287839249382,0.0027366079106584734,-0.008752581728622949,0.0019747241607730734,-1.2383684088340976,0.21557948883700173,0.21557948883700173,FALSE
Surgery,percutaneous_screws,nerve_block_binary,gpt-5-mini-2025-08-07 (Bayesian),-0.03149242024311549,0.004863358653341632,-0.04102442804756631,-0.02196041243866468,-6.475446802895553,9.453178895567722e-11,2.3632947238919303e-10,TRUE
Surgery,total_hip,anesthetic_plan_binary,gpt-5-mini-2025-08-07 (Bayesian),0.01517065389988037,0.004397551425896696,0.00655161148496009,0.02378969631480065,3.449795677326719,5.610109920278396e-4,9.350183200463993e-4,TRUE
Surgery,hemiarthroplasty,anesthetic_plan_binary,gpt-5-mini-2025-08-07 (Bayesian),0.018469455798640233,0.004517921625324895,0.009614492128028777,0.02732441946925169,4.088042540426328,4.350283916696651e-5,1.0875709791741627e-4,TRUE
Surgery,long_cephalomedullary,anesthetic_plan_binary,gpt-5-mini-2025-08-07 (Bayesian),-0.17439861162147308,0.022536801686944188,-0.2185699312546052,-0.13022729198834096,-7.7383922547671915,1.0068181864629407e-14,5.0340909323147035e-14,TRUE
Surgery,sliding_hip_screw,anesthetic_plan_binary,gpt-5-mini-2025-08-07 (Bayesian),0.007271326318698312,0.004474056556760717,-0.0014976633973479737,0.0160403160347446,1.6252200271609574,0.10411568458578221,0.13014460573222777,FALSE
Surgery,percutaneous_screws,anesthetic_plan_binary,gpt-5-mini-2025-08-07 (Bayesian),0.00440660082867228,0.004600314012460853,-0.0046098489533259335,0.013423050610670494,0.9578913127965042,0.33811756746900834,0.33811756746900834,FALSE
Surgery,total_hip,arterial_line_binary,gpt-5-mini-2025-08-07 (Bayesian),0.10945753596584597,0.010792692490538337,0.08830424738817494,0.130610824543517,10.141819204225863,3.603258290958499e-24,9.008145727396247e-24,TRUE
Surgery,hemiarthroplasty,arterial_line_binary,gpt-5-mini-2025-08-07 (Bayesian),0.0797441363703775,0.00897348318924056,0.06215643250359039,0.09733184023716461,8.886642420636926,6.298330272314573e-19,1.049721712052429e-18,TRUE
Surgery,long_cephalomedullary,arterial_line_binary,gpt-5-mini-2025-08-07 (Bayesian),0.31055791514244774,0.017240409141225117,0.2767673341469114,0.3443484961379841,18.013372687301505,1.5301483632676624e-72,7.650741816338312e-72,TRUE
Surgery,sliding_hip_screw,arterial_line_binary,gpt-5-mini-2025-08-07 (Bayesian),-0.0058075694325905765,0.001485978143538277,-0.008720033075739288,-0.0028951057894418637,-3.908246872839002,9.296828295989459e-5,9.296828295989459e-5,TRUE
Surgery,percutaneous_screws,arterial_line_binary,gpt-5-mini-2025-08-07 (Bayesian),-0.00650804292373574,0.0015008187438146988,-0.009449593608935195,-0.0035664922385362854,-4.336328387793155,1.4488244451798169e-5,1.811030556474771e-5,TRUE
Surgery,total_hip,nerve_block_binary,gpt-5-nano-2025-08-07 (Bayesian),0.002588798496037304,0.0014175386014243052,-1.895261094496119e-4,0.005367123101524219,1.8262631391033357,0.06781063474316847,0.16952658685792116,FALSE
Surgery,hemiarthroplasty,nerve_block_binary,gpt-5-nano-2025-08-07 (Bayesian),0.003222413257898164,0.0016023087752513251,8.194576629308404e-5,0.006362880749503244,2.0111062909161954,0.04431423084562562,0.16952658685792116,FALSE
Surgery,long_cephalomedullary,nerve_block_binary,gpt-5-nano-2025-08-07 (Bayesian),0.0020010907771335178,0.0013981561255240144,-7.392448736576124e-4,0.004741426427924648,1.431235568476682,0.15236271286327738,0.19045339107909734,FALSE
Surgery,sliding_hip_screw,nerve_block_binary,gpt-5-nano-2025-08-07 (Bayesian),0.002001090777133503,0.0013981561255240057,-7.392448736576102e-4,0.004741426427924616,1.4312355684766802,0.15236271286327788,0.19045339107909734,FALSE
Surgery,percutaneous_screws,nerve_block_binary,gpt-5-nano-2025-08-07 (Bayesian),3.972699610922388e-4,0.001108193593457405,-0.0017747495699822965,0.002569289492166774,0.3584842607263353,0.7199809444216991,0.7199809444216991,FALSE
Surgery,total_hip,anesthetic_plan_binary,gpt-5-nano-2025-08-07 (Bayesian),0.001547597600220607,0.0019374011440518556,-0.0022496388657277256,0.00534483406616894,0.7988008084809848,0.4244059216882908,0.707343202813818,FALSE
Surgery,hemiarthroplasty,anesthetic_plan_binary,gpt-5-nano-2025-08-07 (Bayesian),0.0019866759064276485,0.001956015416841492,-0.0018470438637867756,0.005820395676642073,1.0156749733781065,0.309784189471858,0.707343202813818,FALSE
Surgery,long_cephalomedullary,anesthetic_plan_binary,gpt-5-nano-2025-08-07 (Bayesian),7.354414558367051e-4,0.002055534020804566,-0.0032933311939370487,0.004764214105610459,0.35778607816417585,0.720503409867278,0.9006292623340975,FALSE
Surgery,sliding_hip_screw,anesthetic_plan_binary,gpt-5-nano-2025-08-07 (Bayesian),0,0.00215423892769388,-0.00422223071237419,0.00422223071237419,0,1,1,FALSE
Surgery,percutaneous_screws,anesthetic_plan_binary,gpt-5-nano-2025-08-07 (Bayesian),-0.009140979561910068,0.0043698614150743205,-0.017705750552886968,-5.76208570933167e-4,-2.091823674402407,0.03645429175440013,0.18227145877200066,FALSE
Surgery,total_hip,arterial_line_binary,gpt-5-nano-2025-08-07 (Bayesian),0.24244126282651957,0.016518629157206973,0.21006534460442067,0.27481718104861846,14.676839132304389,9.072196701103033e-49,2.2680491752757582e-48,TRUE
Surgery,hemiarthroplasty,arterial_line_binary,gpt-5-nano-2025-08-07 (Bayesian),0.025974547131338732,0.017547247323313264,-0.008417425650172117,0.06036651991284958,1.480263351439115,0.13880297960336666,0.13880297960336666,FALSE
Surgery,long_cephalomedullary,arterial_line_binary,gpt-5-nano-2025-08-07 (Bayesian),0.25102907111731776,0.016458692939763615,0.21877062572277742,0.28328751651185813,15.252066007674308,1.5950518682239108e-52,7.975259341119554e-52,TRUE
Surgery,sliding_hip_screw,arterial_line_binary,gpt-5-nano-2025-08-07 (Bayesian),-0.03422579081769361,0.017502711991523645,-0.06853047595285727,7.889431747004627e-5,-1.955456436366476,0.05052922043892276,0.06316152554865345,FALSE
Surgery,percutaneous_screws,arterial_line_binary,gpt-5-nano-2025-08-07 (Bayesian),-0.173225239423909,0.016803172750173127,-0.20615885284025315,-0.14029162600756484,-10.309079243509188,6.411260518840134e-25,1.068543419806689e-24,TRUE
Surgery,total_hip,nerve_block_binary,gemini-2.5-flash-preview-09-2025 (Bayesian),-3.919828530408731e-4,3.9171490126392914e-4,-0.0011597299517258372,3.75764245644091e-4,-1.0006840479544674,0.3169795819279382,0.4660072616993047,FALSE
Surgery,hemiarthroplasty,nerve_block_binary,gemini-2.5-flash-preview-09-2025 (Bayesian),2.8084246019888237e-4,3.1511783680141593e-4,-3.36777150818063e-4,8.984620712158278e-4,0.8912299698727192,0.37280580935944374,0.4660072616993047,FALSE
Surgery,long_cephalomedullary,nerve_block_binary,gemini-2.5-flash-preview-09-2025 (Bayesian),-7.533888252174714e-4,4.934412062056844e-4,-0.0017205158178686148,2.1373816743367195e-4,-1.5268056573763953,0.12680934440384348,0.4660072616993047,FALSE
Surgery,sliding_hip_screw,nerve_block_binary,gemini-2.5-flash-preview-09-2025 (Bayesian),3.4941739175819997e-4,3.1537557564365065e-4,-2.6870737810694254e-4,9.675421616233425e-4,1.107940559585419,0.2678874874644232,0.4660072616993047,FALSE
Surgery,percutaneous_screws,nerve_block_binary,gemini-2.5-flash-preview-09-2025 (Bayesian),0,3.338713553283041e-4,-6.543758319130509e-4,6.543758319130509e-4,0,1,1,FALSE
Surgery,total_hip,anesthetic_plan_binary,gemini-2.5-flash-preview-09-2025 (Bayesian),-0.023383343524611244,0.008656978895703172,-0.040350710375112786,-0.006415976674109702,-2.7010974389942657,0.006911108783624576,0.00863888597953072,TRUE
Surgery,hemiarthroplasty,anesthetic_plan_binary,gemini-2.5-flash-preview-09-2025 (Bayesian),-0.05290798271709962,0.009975518592849682,-0.07245963988619467,-0.03335632554800458,-5.303782678027722,1.1342733811672988e-7,1.8904556352788315e-7,TRUE
Surgery,long_cephalomedullary,anesthetic_plan_binary,gemini-2.5-flash-preview-09-2025 (Bayesian),-0.3945092284176762,0.01713706087024416,-0.4280972505242254,-0.360921206311127,-23.02082203037979,2.8842468736693657e-117,1.4421234368346828e-116,TRUE
Surgery,sliding_hip_screw,anesthetic_plan_binary,gemini-2.5-flash-preview-09-2025 (Bayesian),0.016241409875520807,0.007028873528260951,0.00246507090824237,0.030017748842799244,2.3106703812807363,0.02085106844030494,0.02085106844030494,TRUE
Surgery,percutaneous_screws,anesthetic_plan_binary,gemini-2.5-flash-preview-09-2025 (Bayesian),-0.05796688541898376,0.010192536898189808,-0.07794389065053137,-0.037989880187436154,-5.687189165758984,1.2914737639631164e-8,3.228684409907791e-8,TRUE
Surgery,total_hip,arterial_line_binary,gemini-2.5-flash-preview-09-2025 (Bayesian),0.25479481968834605,0.014646042965392968,0.22608910296014964,0.2835005364165425,17.396836830971953,8.718641392648882e-68,1.4531068987748137e-67,TRUE
Surgery,hemiarthroplasty,arterial_line_binary,gemini-2.5-flash-preview-09-2025 (Bayesian),0.26724766976665354,0.014865536432604042,0.2381117537478816,0.2963835857854255,17.977667403949777,2.9150060491743467e-72,7.287515122935867e-72,TRUE
Surgery,long_cephalomedullary,arterial_line_binary,gemini-2.5-flash-preview-09-2025 (Bayesian),0.2974352287881453,0.01523727940681363,0.2675707099284168,0.32729974764787384,19.520231981513817,7.390196911639584e-85,3.6950984558197924e-84,TRUE
Surgery,sliding_hip_screw,arterial_line_binary,gemini-2.5-flash-preview-09-2025 (Bayesian),6.26357655041359e-4,0.003654844774587146,-0.006537006472233858,0.0077897217823165756,0.17137736174092721,0.8639270541469288,0.8639270541469288,FALSE
Surgery,percutaneous_screws,arterial_line_binary,gemini-2.5-flash-preview-09-2025 (Bayesian),-0.014399323897506347,0.0028678660968605493,-0.02002023815983648,-0.008778409635176215,-5.020919182129624,5.142479458283077e-7,6.428099322853847e-7,TRUE
Surgery,total_hip,nerve_block_binary,deepseek (Bayesian),0.0020177710541103844,0.0023004023184333405,-0.0024909346399714025,0.006526476748192171,0.8771383326915448,0.3804115061851637,0.4755143827314546,FALSE
Surgery,hemiarthroplasty,nerve_block_binary,deepseek (Bayesian),0.006945699033224173,0.0020698050862508668,0.002888955609154655,0.01100244245729369,3.3557261402836907,7.915691096589035e-4,0.0019789227741472586,TRUE
Surgery,long_cephalomedullary,nerve_block_binary,deepseek (Bayesian),5.380212176800958e-4,0.0024206672584871636,-0.004206399427510053,0.005282441862870245,0.2222615337955788,0.8241102947664906,0.8241102947664906,FALSE
Surgery,sliding_hip_screw,nerve_block_binary,deepseek (Bayesian),-0.0045430373262103085,0.0027827244938004587,-0.009997077112956658,9.110024605360418e-4,-1.6325860991023702,0.10255607679219245,0.1709267946536541,FALSE
Surgery,percutaneous_screws,nerve_block_binary,deepseek (Bayesian),-0.019613921229329367,0.003948286171714503,-0.02735241992654732,-0.011875422532111416,-4.967705069060944,6.774989759582771e-7,3.3874948797913858e-6,TRUE
Surgery,total_hip,anesthetic_plan_binary,deepseek (Bayesian),0.2589334657508251,0.011041090859227384,0.23729332531670502,0.28057360618494515,23.45180100881303,1.2671398751007545e-121,3.167849687751886e-121,TRUE
Surgery,hemiarthroplasty,anesthetic_plan_binary,deepseek (Bayesian),0.24146735029313227,0.01139686456561342,0.21912990620784925,0.2638047943784153,21.187173797053507,1.2540203847931257e-99,2.0900339746552096e-99,TRUE
Surgery,long_cephalomedullary,anesthetic_plan_binary,deepseek (Bayesian),-0.39229494665475495,0.01582144872492583,-0.42330441633885674,-0.36128547697065316,-24.795134344221946,1.0116525707793304e-135,5.058262853896652e-135,TRUE
Surgery,sliding_hip_screw,anesthetic_plan_binary,deepseek (Bayesian),0.1642688658883007,0.01297829240544393,0.1388318801928009,0.1897058515838005,12.657201791770062,1.0207315270829384e-36,1.0207315270829384e-36,TRUE
Surgery,percutaneous_screws,anesthetic_plan_binary,deepseek (Bayesian),0.17703742943612022,0.012731470931908793,0.1520842049393604,0.20199065393288004,13.905496889005386,5.865808044500087e-44,7.332260055625109e-44,TRUE
Surgery,total_hip,arterial_line_binary,deepseek (Bayesian),-0.011385699493581963,0.00365504580720414,-0.018549457637546205,-0.004221941349617721,-3.115063420310796,0.0018390536437378356,0.0022988170546722943,TRUE
Surgery,hemiarthroplasty,arterial_line_binary,deepseek (Bayesian),-0.009403217968492743,0.003746849089517702,-0.01674690723945413,-0.002059528697531357,-2.5096334930594,0.012085652556719012,0.012085652556719012,TRUE
Surgery,long_cephalomedullary,arterial_line_binary,deepseek (Bayesian),0.5465326259636768,0.016021829032989533,0.5151304180925591,0.5779348338347945,34.111749965521796,4.939010720963132e-255,2.4695053604815662e-254,TRUE
Surgery,sliding_hip_screw,arterial_line_binary,deepseek (Bayesian),-0.020992843884201088,0.003620436848072397,-0.028088769714724696,-0.01389691805367748,-5.798428412134341,6.693926682599339e-9,1.11565444709989e-8,TRUE
Surgery,percutaneous_screws,arterial_line_binary,deepseek (Bayesian),-0.02588105289505113,0.0038455898236952066,-0.03341827044880746,-0.01834383534129479,-6.73006068811108,1.695923372042725e-11,4.239808430106812e-11,TRUE
Sex,male,nerve_block_binary,gpt-5-2025-08-07 (Bayesian),-1.988911208962163e-4,2.2105324760078016e-4,-6.321475248593604e-4,2.3436528306692775e-4,-0.8997430395386525,0.36825701328270805,0.36825701328270805,FALSE
Sex,male,anesthetic_plan_binary,gpt-5-2025-08-07 (Bayesian),-1.18186248403096e-4,2.9665465280025876e-4,-6.996186837378372e-4,4.6324618693164524e-4,-0.3983967461406117,0.6903377560456616,0.6903377560456616,FALSE
Sex,male,arterial_line_binary,gpt-5-2025-08-07 (Bayesian),2.0999594260143585e-4,1.8137633348778173e-4,-1.4549513868254233e-4,5.65487023885414e-4,1.157791309170896,0.24694921085042112,0.24694921085042112,FALSE
Sex,male,nerve_block_binary,gpt-5-mini-2025-08-07 (Bayesian),-0.0018800004733002806,0.002554704083178896,-0.006887128467488334,0.0031271275208877725,-0.7358975490268677,0.46179304897664647,0.46179304897664647,FALSE
Sex,male,anesthetic_plan_binary,gpt-5-mini-2025-08-07 (Bayesian),5.591095527367473e-4,0.0027674363419777736,-0.0048649660070469595,0.005983185112520454,0.20203158578786842,0.8398920314049498,0.8398920314049498,FALSE
Sex,male,arterial_line_binary,gpt-5-mini-2025-08-07 (Bayesian),0.0054304984718178614,0.0019352494911880087,0.001637479167989901,0.009223517775645822,2.806097351553465,0.005014553979242082,0.005014553979242082,TRUE
Sex,male,nerve_block_binary,gpt-5-nano-2025-08-07 (Bayesian),2.502145567137822e-4,8.402509863839361e-4,-0.0013966471145729874,0.0018970762280005517,0.29778549596304976,0.7658668851799962,0.7658668851799962,FALSE
Sex,male,anesthetic_plan_binary,gpt-5-nano-2025-08-07 (Bayesian),-0.001101849755763773,0.0012772594379290973,-0.0036052322530186753,0.0014015327414911294,-0.8626671473653565,0.38832050015822955,0.38832050015822955,FALSE
Sex,male,arterial_line_binary,gpt-5-nano-2025-08-07 (Bayesian),0.03842536929939422,0.010499259689835592,0.017847198442983287,0.059003540155805154,3.65981701896507,2.5239541475618343e-4,2.5239541475618343e-4,TRUE
Sex,male,nerve_block_binary,gemini-2.5-flash-preview-09-2025 (Bayesian),6.752595237724535e-5,1.8957993682848588e-4,-0.00030404389599796543,4.390958007524561e-4,0.3561872290227446,0.7217003553765868,0.7217003553765868,FALSE
Sex,male,anesthetic_plan_binary,gemini-2.5-flash-preview-09-2025 (Bayesian),0.00287504730197663,0.00678228885207867,-0.010417994580845065,0.016168089184798326,0.4239051689895913,0.671634974296055,0.671634974296055,FALSE
Sex,male,arterial_line_binary,gemini-2.5-flash-preview-09-2025 (Bayesian),-0.011964273433208161,0.004730699765305306,-0.021236274594878646,-0.0026922722715376785,-2.529070544901938,0.011436503779372437,0.011436503779372437,TRUE
Sex,male,nerve_block_binary,deepseek (Bayesian),-9.39556914546058e-4,0.0014005872783380052,-0.0036846575372935235,0.0018055437082014074,-0.6708306787285511,0.5023284012602758,0.5023284012602758,FALSE
Sex,male,anesthetic_plan_binary,deepseek (Bayesian),-0.03539971530151853,0.00556302026601426,-0.046303034668172906,-0.024496395934864156,-6.363398587235667,1.9733770496203926e-10,1.9733770496203926e-10,TRUE
Sex,male,arterial_line_binary,deepseek (Bayesian),0.005469153104570822,0.0017955278470921008,0.001949983191031564,0.008988323018110079,3.045986233757523,0.002319184532688501,0.002319184532688501,TRUE
